id,config_id,symbol,direction,entry_price,exit_price,funding_rate,funding_pnl,price_pnl,fee_cost,total_pnl,total_pnl_pct,balance_after,open_time,close_time,trade_timestamp,exchange,close_reason,created_at,updated_at,price_pnl_pct,reconciled_at,entry_score,entry_score_breakdown
102,45,STEEMUSDT,LONG,0.05733000,0.05714000,-0.475639,0.135608,-0.064037,0.005907,0.065664,1.337820,15.565619,24/02/2026 23:59:53,25/02/2026 00:00:18,1771988418786,binance,funding,2026-02-25 03:00:18.787279+00:00,2026-02-25 03:00:18.787279+00:00,-1.304653,2026-02-25 03:00:29.223007+00:00,,
103,44,STEEMUSDT,LONG,0.05745000,0.05769000,-0.475639,0.135608,0.073337,0.013990,0.194955,1.402529,29.458586,25/02/2026 00:00:00,25/02/2026 00:04:18,1771988658531,binance,funding,2026-02-25 03:04:18.531889+00:00,2026-02-25 03:04:18.531889+00:00,0.527592,2026-02-25 03:04:28.804540+00:00,,
104,56,STEEMUSDT,LONG,0.05684000,0.05696520,0.000000,0.000000,0.065980,0.029988,0.035992,0.599872,6.035992,25/02/2026 00:21:16,25/02/2026 00:22:39,1771989759379,binance,trailing_stop,2026-02-25 03:22:39.379799+00:00,2026-02-25 03:22:39.379799+00:00,1.099667,2026-02-25 03:22:47.641821+00:00,,
105,45,STEEMUSDT,LONG,0.06250000,0.06236000,-0.524101,0.116205,-0.030898,0.010362,0.074945,1.520450,15.640564,25/02/2026 00:59:50,25/02/2026 01:00:17,1771992017804,binance,funding,2026-02-25 04:00:17.804882+00:00,2026-02-25 04:00:17.804882+00:00,-0.626853,2026-02-25 04:00:27.144375+00:00,,
106,45,HOLOUSDT,LONG,0.06560000,0.06514000,-0.827784,0.122265,-0.103500,0.014708,0.004057,0.082298,15.608082,25/02/2026 00:59:55,25/02/2026 01:00:20,1771992020116,binance,funding,2026-02-25 04:00:20.116292+00:00,2026-02-25 04:00:20.116292+00:00,-2.099769,2026-02-25 04:00:29.752158+00:00,,
107,44,STEEMUSDT,LONG,0.06247000,0.06251000,-0.524101,0.116205,0.002198,0.006999,0.111404,1.592308,29.569990,25/02/2026 00:59:55,25/02/2026 01:01:07,1771992067570,binance,trailing_stop,2026-02-25 04:01:07.571016+00:00,2026-02-25 04:01:07.571016+00:00,0.031420,2026-02-25 04:01:16.069640+00:00,,
108,44,SONICUSDT,LONG,0.04715000,0.04714000,-0.182935,0.012928,-0.001484,0.002799,0.008645,0.123564,29.578635,25/02/2026 01:00:00,25/02/2026 01:04:19,1771992259515,binance,funding,2026-02-25 04:04:19.515720+00:00,2026-02-25 04:04:19.515720+00:00,-0.021211,2026-02-25 04:04:28.375880+00:00,,
109,44,AWEUSDT,LONG,0.05222000,0.05209000,-0.394246,0.085197,-0.021809,0.004853,0.058535,0.836644,29.637170,25/02/2026 01:00:00,25/02/2026 01:28:33,1771993713864,binance,funding,2026-02-25 04:28:33.864552+00:00,2026-02-25 04:28:33.864552+00:00,-0.311714,2026-02-25 04:28:42.995320+00:00,,
110,45,AWEUSDT,LONG,0.05227000,0.05207000,-0.394246,0.085197,-0.027596,0.011275,0.046325,0.939828,15.690945,25/02/2026 00:59:55,25/02/2026 01:28:50,1771993730961,binance,funding,2026-02-25 04:28:50.961413+00:00,2026-02-25 04:28:50.961413+00:00,-0.559865,2026-02-25 04:29:00.961066+00:00,,
111,45,AWEUSDT,LONG,0.05227000,0.05208000,-0.394246,0.085197,-0.053580,0.007370,0.024247,0.491910,15.664850,25/02/2026 00:59:55,25/02/2026 01:28:51,1771993731324,binance,exchange_sync,2026-02-25 04:28:51.324969+00:00,2026-02-25 04:28:51.324969+00:00,-1.087011,2026-02-25 04:29:01.320790+00:00,,
112,45,STEEMUSDT,LONG,0.05965000,0.05970000,-0.504345,0.214363,0.012450,0.010403,0.216410,4.348661,15.931602,25/02/2026 01:59:53,25/02/2026 02:00:15,1771995615647,binance,funding,2026-02-25 05:00:15.650568+00:00,2026-02-25 05:00:15.650568+00:00,0.250177,2026-02-25 05:00:25.290422+00:00,,
113,44,STEEMUSDT,LONG,0.05965000,0.06005200,-0.504345,0.214363,0.188940,0.019719,0.383584,1.362386,30.020754,25/02/2026 01:59:53,25/02/2026 02:04:11,1771995851713,binance,funding,2026-02-25 05:04:11.713316+00:00,2026-02-25 05:04:11.713316+00:00,0.671063,2026-02-25 05:04:20.317063+00:00,,
114,45,STEEMUSDT,LONG,0.06239000,0.06217000,-0.397392,0.060401,-0.053240,0.010542,-0.003381,-0.067025,15.928221,25/02/2026 02:59:51,25/02/2026 03:00:20,1771999220795,binance,funding,2026-02-25 06:00:20.795950+00:00,2026-02-25 06:00:20.795950+00:00,-1.055301,2026-02-25 06:00:30.359619+00:00,,
115,43,STEEMUSDT,SHORT,0.06215000,0.06175000,0.000000,0.000000,0.361200,0.055941,0.305259,2.702369,35.976794,25/02/2026 03:00:14,25/02/2026 03:02:43,1771999363283,binance,trailing_stop,2026-02-25 06:02:43.283395+00:00,2026-02-25 06:02:43.283395+00:00,3.197596,2026-02-25 06:02:51.880733+00:00,,
116,44,ONTUSDT,LONG,0.04160000,0.04160000,-0.096508,0.006552,0.000000,0.007010,-0.000458,-0.006540,30.020295,25/02/2026 00:59:55,25/02/2026 03:39:21,1772001561603,binance,funding,2026-02-25 06:39:21.603723+00:00,2026-02-25 06:39:21.603723+00:00,0.000000,2026-02-25 06:39:29.810164+00:00,,
117,45,STEEMUSDT,LONG,0.06181000,0.06168000,-0.395955,0.059541,-0.031720,0.015066,0.012756,0.252888,15.940977,25/02/2026 03:59:53,25/02/2026 04:00:22,1772002822757,binance,funding,2026-02-25 07:00:22.757875+00:00,2026-02-25 07:00:22.757875+00:00,-0.628874,2026-02-25 07:00:32.239289+00:00,,
118,43,STEEMUSDT,SHORT,0.06159000,0.06078343,0.000000,0.000000,1.118710,0.059238,1.059472,6.199737,37.036266,25/02/2026 04:00:11,25/02/2026 04:06:47,1772003207042,binance,trailing_stop,2026-02-25 07:06:47.042393+00:00,2026-02-25 07:06:47.042393+00:00,6.546384,2026-02-25 07:06:56.079840+00:00,,
119,45,HOLOUSDT,LONG,0.06924106,0.06879037,-0.580210,0.087644,-0.098250,0.015045,-0.025651,-0.508148,15.915326,25/02/2026 04:59:57,25/02/2026 05:00:23,1772006423722,binance,funding,2026-02-25 08:00:23.722195+00:00,2026-02-25 08:00:23.722195+00:00,-1.946324,2026-02-25 08:00:33.474661+00:00,,
120,45,STEEMUSDT,LONG,0.06295000,0.06329733,-0.393232,0.059551,0.083360,0.010617,0.132294,2.620728,16.056827,25/02/2026 05:00:03,25/02/2026 05:00:25,1772006425795,binance,funding,2026-02-25 08:00:25.795332+00:00,2026-02-25 08:00:25.795332+00:00,1.651355,2026-02-25 08:00:35.245858+00:00,,
121,45,ENSOUSDT,LONG,2.92520000,2.90850000,-0.551081,0.082069,-0.085170,0.014876,-0.017977,-0.356129,16.043329,25/02/2026 04:59:57,25/02/2026 05:00:31,1772006431143,binance,funding,2026-02-25 08:00:31.144024+00:00,2026-02-25 08:00:31.144024+00:00,-1.687211,2026-02-25 08:00:40.134194+00:00,,
122,44,AWEUSDT,LONG,0.05175000,0.05170000,-0.283811,0.080941,-0.027550,0.019946,0.033445,0.117271,30.053741,25/02/2026 05:00:06,25/02/2026 05:04:24,1772006664090,binance,funding,2026-02-25 08:04:24.090243+00:00,2026-02-25 08:04:24.090243+00:00,-0.096601,2026-02-25 08:04:35.209428+00:00,,
123,43,SKRUSDT,SHORT,0.02300655,0.02282523,0.000000,0.000000,0.693574,0.087653,0.605921,3.444253,37.642186,25/02/2026 05:00:12,25/02/2026 05:42:55,1772008975784,binance,trailing_stop,2026-02-25 08:42:55.785213+00:00,2026-02-25 08:42:55.785213+00:00,3.942503,2026-02-25 08:43:04.732714+00:00,,
124,44,STEEMUSDT,LONG,0.05859000,0.05838299,-0.275555,0.050212,-0.066450,0.018774,-0.035012,-0.183780,20.018729,25/02/2026 05:59:52,25/02/2026 06:34:33,1772012073817,binance,funding,2026-02-25 09:34:33.817330+00:00,2026-02-25 09:34:33.817330+00:00,-0.348800,2026-02-25 09:34:42.361592+00:00,,
125,44,STEEMUSDT,LONG,0.05808000,0.05839000,-0.182943,0.033719,0.100440,0.018868,0.115291,0.606227,20.134019,25/02/2026 06:59:52,25/02/2026 07:04:10,1772013850950,binance,funding,2026-02-25 10:04:10.950893+00:00,2026-02-25 10:04:10.950893+00:00,0.528137,2026-02-25 10:04:20.091009+00:00,,
126,44,STEEMUSDT,LONG,0.05808000,0.05840000,-0.182943,0.033719,0.103680,0.009409,0.127990,0.673003,20.274343,25/02/2026 06:59:52,25/02/2026 07:04:11,1772013851567,binance,exchange_sync,2026-02-25 10:04:11.567842+00:00,2026-02-25 10:04:11.567842+00:00,0.545174,2026-02-25 10:04:21.972854+00:00,,
127,43,ESPUSDT,SHORT,0.16178714,0.16132000,0.000000,0.000000,0.258330,0.062576,0.195754,1.094818,37.837940,25/02/2026 08:00:06,25/02/2026 08:02:37,1772017357225,binance,trailing_stop,2026-02-25 11:02:37.225956+00:00,2026-02-25 11:02:37.225956+00:00,1.444795,2026-02-25 11:02:45.423581+00:00,,
128,44,STEEMUSDT,LONG,0.05740000,0.05745000,-0.170648,0.032132,0.016750,0.019237,0.029645,0.154007,20.291654,25/02/2026 07:59:57,25/02/2026 08:04:24,1772017464237,binance,funding,2026-02-25 11:04:24.237772+00:00,2026-02-25 11:04:24.237772+00:00,0.087018,2026-02-25 11:04:33.096774+00:00,,
129,45,AXLUSDT,LONG,0.06461000,0.06405000,-1.158834,0.276590,-0.197288,0.015835,0.063467,0.834058,24.093109,25/02/2026 08:59:53,25/02/2026 09:00:16,1772020816398,binance,funding,2026-02-25 12:00:16.398746+00:00,2026-02-25 12:00:16.398746+00:00,-2.592693,2026-02-25 12:00:26.620737+00:00,,
130,45,ENSOUSDT,LONG,2.69640000,2.67140000,-0.816252,0.186381,-0.210000,0.011325,-0.034944,-0.459219,24.052819,25/02/2026 08:59:49,25/02/2026 09:00:16,1772020816739,binance,exchange_sync,2026-02-25 12:00:16.739550+00:00,2026-02-25 12:00:16.739550+00:00,-2.759749,2026-02-25 12:00:28.166035+00:00,,
131,45,AXLUSDT,LONG,0.06461000,0.06411000,-1.158834,0.276590,-0.176150,0.004552,0.095887,1.260116,24.150855,25/02/2026 08:59:53,25/02/2026 09:00:17,1772020817405,binance,exchange_sync,2026-02-25 12:00:17.405740+00:00,2026-02-25 12:00:17.405740+00:00,-2.314904,2026-02-25 12:00:28.481499+00:00,,
132,44,STEEMUSDT,LONG,0.05845000,0.05864274,-0.225642,0.043901,0.063410,0.019262,0.088049,0.456755,20.379703,25/02/2026 08:59:53,25/02/2026 09:02:23,1772020943509,binance,trailing_stop,2026-02-25 12:02:23.510039+00:00,2026-02-25 12:02:23.510039+00:00,0.328940,2026-02-25 12:02:32.644852+00:00,,
133,57,STEEMUSDT,LONG,0.05796000,0.05862000,0.000000,0.000000,0.227700,0.020110,0.207590,2.075900,10.207590,25/02/2026 09:20:25,25/02/2026 09:28:18,1772022498853,binance,trailing_stop,2026-02-25 12:28:18.854173+00:00,2026-02-25 12:28:18.854173+00:00,2.277000,2026-02-25 12:28:27.364319+00:00,,
135,59,STEEMUSDT,LONG,0.05610000,0.05639751,0.000000,0.000000,0.276736,0.050230,0.226506,2.265060,10.226506,25/02/2026 09:49:45,25/02/2026 09:50:49,1772023849271,binance,trailing_stop,2026-02-25 12:50:49.271900+00:00,2026-02-25 12:50:49.271900+00:00,2.767362,2026-02-25 12:50:57.724031+00:00,,
136,44,STEEMUSDT,LONG,0.05590000,0.05731000,-0.135023,0.031683,0.473992,0.007834,0.497841,2.571395,20.877544,25/02/2026 09:59:52,25/02/2026 10:01:52,1772024512892,binance,trailing_stop,2026-02-25 13:01:52.892672+00:00,2026-02-25 13:01:52.892672+00:00,2.448213,2026-02-25 13:02:02.613539+00:00,,
137,45,POWERUSDT,LONG,0.87874000,0.87812000,-0.661884,0.158270,-0.016120,0.022839,0.119311,1.559866,24.273363,25/02/2026 11:59:49,25/02/2026 12:00:11,1772031611038,binance,funding,2026-02-25 15:00:11.039365+00:00,2026-02-25 15:00:11.039365+00:00,-0.210752,2026-02-25 15:00:19.626623+00:00,,
138,45,ENSOUSDT,LONG,1.99550000,1.95920000,-1.842257,0.432504,-0.421080,0.016119,-0.004695,-0.061085,24.268668,25/02/2026 12:59:50,25/02/2026 13:00:13,1772035213040,binance,funding,2026-02-25 16:00:13.041095+00:00,2026-02-25 16:00:13.041095+00:00,-5.478130,2026-02-25 16:00:22.347598+00:00,,
139,45,POWERUSDT,LONG,0.87400000,0.86447385,-0.733783,0.165664,-0.247680,0.022600,-0.104616,-1.361029,24.163262,25/02/2026 12:59:50,25/02/2026 13:00:16,1772035216303,binance,funding,2026-02-25 16:00:16.303539+00:00,2026-02-25 16:00:16.303539+00:00,-3.222246,2026-02-25 16:00:26.243426+00:00,,
140,45,AXLUSDT,LONG,0.06085000,0.06067000,-0.755786,0.163588,-0.068310,0.023058,0.072219,0.939555,24.252400,25/02/2026 12:59:54,25/02/2026 13:00:16,1772035216823,binance,funding,2026-02-25 16:00:16.823802+00:00,2026-02-25 16:00:16.823802+00:00,-0.888693,2026-02-25 16:00:26.833629+00:00,,
141,45,POWERUSDT,LONG,0.92358875,0.90786000,-1.482518,0.338331,-0.377490,0.015441,-0.054600,-0.711419,24.181671,25/02/2026 13:59:48,25/02/2026 14:00:53,1772038853195,binance,funding,2026-02-25 17:00:53.196103+00:00,2026-02-25 17:00:53.196103+00:00,-4.918552,2026-02-25 17:01:04.647385+00:00,,
142,44,ESPUSDT,LONG,0.15610000,0.15644000,-0.161867,0.014714,0.021420,0.006895,0.029239,0.294846,20.906783,25/02/2026 13:59:53,25/02/2026 14:04:13,1772039053760,binance,trailing_stop,2026-02-25 17:04:13.763064+00:00,2026-02-25 17:04:13.763064+00:00,0.215996,2026-02-25 17:04:22.516962+00:00,,
143,44,SKRUSDT,LONG,0.02335200,0.02329653,-0.111155,0.011115,-0.023630,0.006952,-0.019467,-0.196299,20.887317,25/02/2026 14:00:00,25/02/2026 14:19:55,1772039995983,binance,funding,2026-02-25 17:19:55.983349+00:00,2026-02-25 17:19:55.983349+00:00,-0.238282,2026-02-25 17:20:05.402733+00:00,,
147,45,POWERUSDT,LONG,0.90917000,0.91222000,-0.553639,0.129466,0.076250,0.022767,0.182949,2.389133,24.364620,25/02/2026 15:59:51,25/02/2026 16:26:58,1772047618042,binance,funding,2026-02-25 19:26:58.042440+00:00,2026-02-25 19:26:58.042440+00:00,0.995752,2026-02-25 19:27:05.545995+00:00,0.0,"{""apy"": 0, ""volume"": 0, ""interval"": 0, ""gross_apy"": 0, ""consistency"": 0}"
148,43,ESPUSDT,SHORT,0.15406000,0.15253000,0.000000,0.000000,0.595170,0.011986,0.583184,4.867163,38.421124,25/02/2026 16:00:10,25/02/2026 16:44:23,1772048663392,binance,exchange_sync,2026-02-25 19:44:23.392874+00:00,2026-02-25 19:44:23.392874+00:00,4.967195,2026-02-25 19:44:29.984377+00:00,85.0,"{""apy"": 40.0, ""volume"": 20.0, ""interval"": 10.0, ""gross_apy"": 1046.0, ""consistency"": 15.0}"
149,45,ENSOUSDT,LONG,1.92340000,1.88960000,-1.597956,0.366908,-0.405600,0.015954,-0.054646,-0.708262,24.309973,25/02/2026 16:59:51,25/02/2026 17:00:17,1772049617933,binance,funding,2026-02-25 20:00:17.937862+00:00,2026-02-25 20:00:17.937862+00:00,-5.256976,2026-02-25 20:00:24.570210+00:00,79.0,"{""apy"": 40.0, ""volume"": 18.9, ""interval"": 5.0, ""gross_apy"": 3499.5, ""consistency"": 15.0}"
150,45,POWERUSDT,LONG,0.91346000,0.91277000,-0.454849,0.103709,-0.017250,0.022828,0.063631,0.824719,24.383261,25/02/2026 16:59:50,25/02/2026 17:00:21,1772049621633,binance,funding,2026-02-25 20:00:21.633916+00:00,2026-02-25 20:00:21.633916+00:00,-0.223577,2026-02-25 20:00:28.648136+00:00,0.0,"{""apy"": 0, ""volume"": 0, ""interval"": 0, ""gross_apy"": 0, ""consistency"": 0}"
151,43,ESPUSDT,SHORT,0.15406000,0.15027000,0.000000,0.000000,0.178180,0.034677,0.143503,1.197656,38.564627,25/02/2026 16:00:10,25/02/2026 17:09:33,1772050173751,binance,trailing_stop,2026-02-25 20:09:33.751547+00:00,2026-02-25 20:09:33.751547+00:00,1.487062,2026-02-25 20:09:41.025829+00:00,85.0,"{""apy"": 40.0, ""volume"": 20.0, ""interval"": 10.0, ""gross_apy"": 972.5, ""consistency"": 15.0}"
152,43,BULLAUSDT,LONG,0.01790000,0.01817237,0.000000,0.000000,0.693730,0.032261,0.661469,7.248964,39.226096,25/02/2026 17:00:07,25/02/2026 17:11:04,1772050264651,binance,trailing_stop,2026-02-25 20:11:04.651275+00:00,2026-02-25 20:11:04.651275+00:00,7.602506,2026-02-25 20:11:12.120884+00:00,81.0,"{""apy"": 35.7, ""volume"": 20.0, ""interval"": 10.0, ""gross_apy"": 171.3, ""consistency"": 15.0}"
153,43,AZTECUSDT,SHORT,0.02734000,0.02710000,0.000000,-0.002696,0.398880,0.022720,0.373465,4.092755,39.599562,25/02/2026 17:00:13,25/02/2026 18:00:17,1772053217014,binance,trailing_stop,2026-02-25 21:00:17.015010+00:00,2026-02-25 21:00:17.015010+00:00,4.371280,2026-02-25 21:00:23.623142+00:00,85.0,"{""apy"": 40.0, ""volume"": 20.0, ""interval"": 10.0, ""gross_apy"": 209.7, ""consistency"": 15.0}"
154,43,POWERUSDT,SHORT,0.90945000,0.90121000,0.000000,0.000000,0.420240,0.046172,0.374068,3.977377,39.973629,25/02/2026 20:00:09,25/02/2026 20:34:26,1772062466556,binance,trailing_stop,2026-02-25 23:34:26.557079+00:00,2026-02-25 23:34:26.557079+00:00,4.468311,2026-02-25 23:34:33.248363+00:00,85.0,"{""apy"": 40.0, ""volume"": 20.0, ""interval"": 10.0, ""gross_apy"": 2416.8, ""consistency"": 15.0}"
155,45,GPSUSDT,LONG,0.00964000,0.00964200,-0.418946,0.097007,0.004808,0.023177,0.078638,1.018851,24.452241,25/02/2026 20:59:55,25/02/2026 21:00:17,1772064017609,binance,take_profit_target,2026-02-26 00:00:17.610241+00:00,2026-02-26 00:00:17.610241+00:00,0.062293,2026-02-26 00:00:25.523171+00:00,80.0,"{""apy"": 40.0, ""volume"": 20.0, ""interval"": 5.0, ""gross_apy"": 917.5, ""consistency"": 15.0}"
156,45,ENSOUSDT,LONG,1.86950000,1.86860000,-1.809055,0.418885,-0.011070,0.022989,0.384826,4.985882,24.850983,25/02/2026 20:59:55,25/02/2026 21:00:18,1772064018240,binance,take_profit_target,2026-02-26 00:00:18.241017+00:00,2026-02-26 00:00:18.241017+00:00,-0.143425,2026-02-26 00:00:25.691938+00:00,79.0,"{""apy"": 40.0, ""volume"": 19.0, ""interval"": 5.0, ""gross_apy"": 3961.8, ""consistency"": 15.0}"
157,45,HOLOUSDT,LONG,0.06083000,0.06082000,-0.375376,0.086918,-0.003790,0.023053,0.060075,0.778348,24.924785,25/02/2026 20:59:55,25/02/2026 21:00:20,1772064020803,binance,take_profit_target,2026-02-26 00:00:20.804723+00:00,2026-02-26 00:00:20.804723+00:00,-0.049104,2026-02-26 00:00:27.883245+00:00,80.0,"{""apy"": 40.0, ""volume"": 20.0, ""interval"": 5.0, ""gross_apy"": 822.1, ""consistency"": 15.0}"
158,43,POWERUSDT,SHORT,0.89777000,0.87693000,0.000000,0.000000,1.083680,0.046142,1.037538,10.928655,41.011167,25/02/2026 21:00:10,25/02/2026 21:05:55,1772064355495,binance,trailing_stop,2026-02-26 00:05:55.495982+00:00,2026-02-26 00:05:55.495982+00:00,11.414683,2026-02-26 00:06:02.438850+00:00,85.0,"{""apy"": 40.0, ""volume"": 20.0, ""interval"": 10.0, ""gross_apy"": 1630.0, ""consistency"": 15.0}"
159,43,SKRUSDT,SHORT,0.02299400,0.02224992,0.000000,-0.468395,1.936847,0.058885,1.409567,11.764026,42.420734,25/02/2026 16:00:06,25/02/2026 21:32:21,1772065941086,binance,trailing_stop,2026-02-26 00:32:21.086322+00:00,2026-02-26 00:32:21.086322+00:00,16.164619,2026-02-26 00:32:28.099573+00:00,85.0,"{""apy"": 40.0, ""volume"": 20.0, ""interval"": 10.0, ""gross_apy"": 978.6, ""consistency"": 15.0}"
160,43,ESPUSDT,SHORT,0.15241000,0.15149000,0.000000,-0.321684,0.374440,0.061844,-0.009088,-0.073160,42.411646,25/02/2026 18:00:06,25/02/2026 21:34:04,1772066044568,binance,trailing_stop,2026-02-26 00:34:04.568407+00:00,2026-02-26 00:34:04.568407+00:00,3.014427,2026-02-26 00:34:11.329774+00:00,85.0,"{""apy"": 40.0, ""volume"": 20.0, ""interval"": 10.0, ""gross_apy"": 1063.4, ""consistency"": 15.0}"
163,43,STEEMUSDT,SHORT,0.06784000,0.06593190,0.000000,0.000000,0.894900,0.031370,0.863530,13.508006,27.780291,25/02/2026 22:00:09,25/02/2026 22:01:26,1772067686009,binance,trailing_stop,2026-02-26 01:01:26.010220+00:00,2026-02-26 01:01:26.010220+00:00,13.998712,2026-02-26 01:01:32.983222+00:00,85.0,"{""apy"": 40.0, ""volume"": 20.0, ""interval"": 10.0, ""gross_apy"": 2810.8, ""consistency"": 15.0}"
164,43,POWERUSDT,SHORT,0.90654743,0.89481000,0.000000,0.000000,0.410810,0.031524,0.379286,5.933086,28.159577,25/02/2026 22:00:10,25/02/2026 22:12:48,1772068368295,binance,trailing_stop,2026-02-26 01:12:48.295332+00:00,2026-02-26 01:12:48.295332+00:00,6.426205,2026-02-26 01:12:56.036843+00:00,85.0,"{""apy"": 40.0, ""volume"": 20.0, ""interval"": 10.0, ""gross_apy"": 1831.9, ""consistency"": 15.0}"
165,43,ESPUSDT,SHORT,0.14879000,0.14766000,0.000000,0.000000,0.241820,0.031720,0.210100,3.286543,28.369677,25/02/2026 22:00:05,25/02/2026 22:53:44,1772070824574,binance,trailing_stop,2026-02-26 01:53:44.574622+00:00,2026-02-26 01:53:44.574622+00:00,3.782734,2026-02-26 01:53:51.259630+00:00,85.0,"{""apy"": 40.0, ""volume"": 20.0, ""interval"": 10.0, ""gross_apy"": 1813.7, ""consistency"": 15.0}"
166,43,STEEMUSDT,SHORT,0.06483000,0.06277000,0.000000,0.000000,0.856960,0.018707,0.838253,15.551313,29.207930,25/02/2026 23:00:05,25/02/2026 23:08:37,1772071717704,binance,trailing_stop,2026-02-26 02:08:37.704451+00:00,2026-02-26 02:08:37.704451+00:00,15.898369,2026-02-26 02:08:44.658486+00:00,85.0,"{""apy"": 40.0, ""volume"": 20.0, ""interval"": 10.0, ""gross_apy"": 2963.3, ""consistency"": 15.0}"
167,43,ESPUSDT,SHORT,0.14871000,0.14652000,0.000000,0.000000,0.396390,0.018643,0.377747,7.007976,29.585676,25/02/2026 23:00:15,25/02/2026 23:08:58,1772071738562,binance,trailing_stop,2026-02-26 02:08:58.562515+00:00,2026-02-26 02:08:58.562515+00:00,7.353849,2026-02-26 02:09:05.515579+00:00,85.0,"{""apy"": 40.0, ""volume"": 20.0, ""interval"": 10.0, ""gross_apy"": 1524.1, ""consistency"": 15.0}"
168,43,POWERUSDT,SHORT,0.90007276,0.88947000,0.000000,0.000000,0.307480,0.025948,0.281532,5.222990,29.867207,25/02/2026 23:00:13,25/02/2026 23:16:10,1772072170936,binance,trailing_stop,2026-02-26 02:16:10.936729+00:00,2026-02-26 02:16:10.936729+00:00,5.704385,2026-02-26 02:16:17.624038+00:00,85.0,"{""apy"": 40.0, ""volume"": 20.0, ""interval"": 10.0, ""gross_apy"": 2288.5, ""consistency"": 15.0}"
169,43,AZTECUSDT,SHORT,0.02637000,0.02637000,0.000000,0.000000,0.000000,0.028348,-0.028348,-0.499540,29.838859,26/02/2026 00:00:09,26/02/2026 00:09:24,1772075364801,binance,break_even_stop,2026-02-26 03:09:24.801345+00:00,2026-02-26 03:09:24.801345+00:00,0.000000,2026-02-26 03:09:31.986178+00:00,85.0,"{""apy"": 40.0, ""volume"": 20.0, ""interval"": 10.0, ""gross_apy"": 215.8, ""consistency"": 15.0}"
170,43,STEEMUSDT,SHORT,0.06292000,0.06302000,0.000000,0.000000,-0.044800,0.028211,-0.073011,-1.286581,29.765849,26/02/2026 00:00:09,26/02/2026 00:10:42,1772075442356,binance,break_even_stop,2026-02-26 03:10:42.356945+00:00,2026-02-26 03:10:42.356945+00:00,-0.789459,2026-02-26 03:10:49.411217+00:00,85.0,"{""apy"": 40.0, ""volume"": 20.0, ""interval"": 10.0, ""gross_apy"": 2294.8, ""consistency"": 15.0}"
171,43,ESPUSDT,SHORT,0.14364000,0.14211000,0.000000,0.000000,0.301410,0.028146,0.273264,4.815414,30.039114,26/02/2026 00:00:09,26/02/2026 00:47:00,1772077620957,binance,trailing_stop,2026-02-26 03:47:00.957309+00:00,2026-02-26 03:47:00.957309+00:00,5.311405,2026-02-26 03:47:08.316584+00:00,85.0,"{""apy"": 40.0, ""volume"": 20.0, ""interval"": 10.0, ""gross_apy"": 1128.9, ""consistency"": 15.0}"
172,45,WETUSDT,LONG,0.09291183,0.09311000,-0.494367,0.000000,0.049748,0.011660,0.038088,0.483094,24.935231,26/02/2026 00:59:56,26/02/2026 01:00:00,1772078400152,binance,exchange_sync,2026-02-26 04:00:00.153246+00:00,2026-02-26 04:00:00.153246+00:00,0.630992,2026-02-26 04:00:07.258234+00:00,74.0,"{""apy"": 40.0, ""volume"": 13.6, ""interval"": 5.0, ""gross_apy"": 1082.7, ""consistency"": 15.0}"
173,45,ENSOUSDT,LONG,1.74010000,1.74000000,-2.000000,0.000000,-0.001360,0.004733,-0.006093,-0.077283,25.048266,26/02/2026 00:59:57,26/02/2026 01:00:00,1772078400916,binance,exchange_sync,2026-02-26 04:00:00.918779+00:00,2026-02-26 04:00:00.918779+00:00,-0.017250,2026-02-26 04:00:08.680515+00:00,0.0,"{""apy"": 0, ""volume"": 0, ""interval"": 0, ""gross_apy"": 0, ""consistency"": 0}"
174,45,API3USDT,LONG,0.31300000,0.31180000,-0.381945,0.000000,-0.089760,0.011706,-0.101466,-1.286973,24.827671,26/02/2026 00:59:59,26/02/2026 01:00:32,1772078432265,binance,exchange_sync,2026-02-26 04:00:32.266011+00:00,2026-02-26 04:00:32.266011+00:00,-1.138495,2026-02-26 04:00:39.224163+00:00,71.0,"{""apy"": 40.0, ""volume"": 11.5, ""interval"": 5.0, ""gross_apy"": 836.5, ""consistency"": 15.0}"
175,43,POWERUSDT,SHORT,0.87453000,0.85828000,0.000000,-0.051651,0.520000,0.019329,0.449019,7.912555,30.488133,26/02/2026 00:00:09,26/02/2026 01:20:19,1772079619731,binance,trailing_stop,2026-02-26 04:20:19.732055+00:00,2026-02-26 04:20:19.732055+00:00,9.163368,2026-02-26 04:20:26.424610+00:00,85.0,"{""apy"": 40.0, ""volume"": 20.0, ""interval"": 10.0, ""gross_apy"": 2117.7, ""consistency"": 15.0}"
176,43,SKRUSDT,SHORT,0.02192831,0.02173919,0.000000,-0.125748,0.274791,0.031724,0.117318,1.835184,30.605451,25/02/2026 22:00:10,26/02/2026 01:24:14,1772079854159,binance,trailing_stop,2026-02-26 04:24:14.160262+00:00,2026-02-26 04:24:14.160262+00:00,4.298491,2026-02-26 04:24:21.309855+00:00,85.0,"{""apy"": 40.0, ""volume"": 20.0, ""interval"": 10.0, ""gross_apy"": 1835.1, ""consistency"": 15.0}"
177,43,SKRUSDT,SHORT,0.02192831,0.02174500,0.000000,-0.125748,0.266335,0.015931,0.124656,1.949964,30.874767,25/02/2026 22:00:10,26/02/2026 01:24:14,1772079854545,binance,exchange_sync,2026-02-26 04:24:14.546231+00:00,2026-02-26 04:24:14.546231+00:00,4.166216,2026-02-26 04:24:21.644128+00:00,85.0,"{""apy"": 40.0, ""volume"": 20.0, ""interval"": 10.0, ""gross_apy"": 1835.1, ""consistency"": 15.0}"
178,45,ENSOUSDT,LONG,1.67390000,1.65780000,-0.462751,0.000000,-0.227010,0.011801,-0.238811,-3.037498,24.588860,26/02/2026 01:59:57,26/02/2026 02:00:04,1772082004714,binance,exchange_sync,2026-02-26 05:00:04.714791+00:00,2026-02-26 05:00:04.714791+00:00,-2.887398,2026-02-26 05:00:11.717762+00:00,0.0,"{""apy"": 0, ""volume"": 0, ""interval"": 0, ""gross_apy"": 0, ""consistency"": 0}"
179,45,STEEMUSDT,LONG,0.06499000,0.06494000,-0.436110,0.000000,-0.017850,0.004640,-0.022490,-0.288838,24.566370,26/02/2026 02:59:58,26/02/2026 03:00:13,1772085613557,binance,exchange_sync,2026-02-26 06:00:13.557282+00:00,2026-02-26 06:00:13.557282+00:00,-0.229244,2026-02-26 06:00:20.522111+00:00,85.0,"{""apy"": 40.0, ""volume"": 20.0, ""interval"": 10.0, ""gross_apy"": 3820.3, ""consistency"": 15.0}"
180,45,WETUSDT,LONG,0.11157000,0.10938000,-1.188672,0.000000,-0.457710,0.011659,-0.469369,-6.033525,24.097001,26/02/2026 04:59:57,26/02/2026 05:00:15,1772092815612,binance,exchange_sync,2026-02-26 08:00:15.612477+00:00,2026-02-26 08:00:15.612477+00:00,-5.883653,2026-02-26 08:00:22.722652+00:00,78.0,"{""apy"": 40.0, ""volume"": 17.9, ""interval"": 5.0, ""gross_apy"": 2603.2, ""consistency"": 15.0}"
181,45,BARDUSDT,LONG,0.83400000,0.82990000,-0.988424,0.000000,-0.114800,0.011676,-0.126476,-1.625791,24.250262,26/02/2026 04:59:57,26/02/2026 05:00:16,1772092816298,binance,exchange_sync,2026-02-26 08:00:16.298783+00:00,2026-02-26 08:00:16.298783+00:00,-1.475702,2026-02-26 08:00:23.278064+00:00,75.0,"{""apy"": 40.0, ""volume"": 15.2, ""interval"": 5.0, ""gross_apy"": 2164.6, ""consistency"": 15.0}"
182,45,DENTUSDT,LONG,0.00026100,0.00026100,-1.548452,0.000000,0.000000,0.011536,-0.011536,-0.148294,24.471746,26/02/2026 05:00:04,26/02/2026 05:00:16,1772092816979,binance,exchange_sync,2026-02-26 08:00:16.980074+00:00,2026-02-26 08:00:16.980074+00:00,0.000000,2026-02-26 08:00:23.667349+00:00,75.0,"{""apy"": 40.0, ""volume"": 20.0, ""interval"": 0.0, ""gross_apy"": 1695.6, ""consistency"": 15.0}"
183,45,POWERUSDT,LONG,1.52418000,1.52385000,-1.481685,0.000000,-0.004620,0.021336,-0.025956,-0.342114,23.933033,26/02/2026 06:59:55,26/02/2026 07:00:18,1772100018686,binance,take_profit_target,2026-02-26 10:00:18.686164+00:00,2026-02-26 10:00:18.686164+00:00,-0.060894,2026-02-26 10:00:25.698179+00:00,0.0,"{""apy"": 0, ""volume"": 0, ""interval"": 0, ""gross_apy"": 0, ""consistency"": 0}"
184,45,POWERUSDT,LONG,1.52418000,1.49699000,-1.481685,0.000000,-0.380660,0.010669,-0.391329,-5.157883,23.891182,26/02/2026 06:59:55,26/02/2026 07:00:18,1772100018862,binance,exchange_sync,2026-02-26 10:00:18.862754+00:00,2026-02-26 10:00:18.862754+00:00,-5.017258,2026-02-26 10:00:25.588239+00:00,0.0,"{""apy"": 0, ""volume"": 0, ""interval"": 0, ""gross_apy"": 0, ""consistency"": 0}"
185,45,POWERUSDT,LONG,1.63770000,1.61662000,-1.354748,0.000000,-0.274040,0.010645,-0.284685,-3.818778,23.257019,26/02/2026 07:59:55,26/02/2026 08:00:20,1772103620718,binance,exchange_sync,2026-02-26 11:00:20.719179+00:00,2026-02-26 11:00:20.719179+00:00,-3.675985,2026-02-26 11:00:28.183873+00:00,0.0,"{""apy"": 0, ""volume"": 0, ""interval"": 0, ""gross_apy"": 0, ""consistency"": 0}"
186,45,BARDUSDT,LONG,0.82210000,0.82250000,-1.296431,0.000000,0.010400,0.004275,0.006125,0.083168,23.263144,26/02/2026 08:59:56,26/02/2026 09:00:02,1772107202479,binance,exchange_sync,2026-02-26 12:00:02.480033+00:00,2026-02-26 12:00:02.480033+00:00,0.141214,2026-02-26 12:00:10.105084+00:00,76.0,"{""apy"": 40.0, ""volume"": 15.8, ""interval"": 5.0, ""gross_apy"": 2839.2, ""consistency"": 15.0}"
187,45,POWERUSDT,LONG,1.52949500,1.53031000,-1.624403,0.000000,0.011410,0.010706,0.000704,0.009553,23.545721,26/02/2026 08:59:58,26/02/2026 09:00:03,1772107203192,binance,exchange_sync,2026-02-26 12:00:03.193343+00:00,2026-02-26 12:00:03.193343+00:00,0.154928,2026-02-26 12:00:10.252429+00:00,0.0,"{""apy"": 0, ""volume"": 0, ""interval"": 0, ""gross_apy"": 0, ""consistency"": 0}"
188,43,POWERUSDT,SHORT,1.50350000,1.48736000,0.000000,0.000000,0.068014,0.019935,0.048079,0.823454,30.778186,26/02/2026 09:00:10,26/02/2026 09:01:35,1772107295186,binance,trailing_stop,2026-02-26 12:01:35.187409+00:00,2026-02-26 12:01:35.187409+00:00,1.164885,2026-02-26 12:01:42.905717+00:00,0.0,"{""apy"": 0, ""volume"": 0, ""interval"": 0, ""gross_apy"": 0, ""consistency"": 0}"
189,62,POWERUSDT,SHORT,1.47503000,1.44879000,0.000000,0.000000,0.632246,0.021929,0.610317,12.848778,15.610317,26/02/2026 09:01:21,26/02/2026 09:05:48,1772107548432,binance,trailing_stop,2026-02-26 12:05:48.432792+00:00,2026-02-26 12:05:48.432792+00:00,13.310433,2026-02-26 12:05:55.971803+00:00,100.0,"{""volume"": 20.0, ""extremity"": 40.0, ""persistence"": 30.0, ""volatility_bonus"": 10.0}"
190,43,ENSOUSDT,SHORT,1.60260000,1.58840000,0.000000,0.000000,0.255600,0.028719,0.226881,3.885800,31.005067,26/02/2026 09:00:10,26/02/2026 09:12:49,1772107969790,binance,trailing_stop,2026-02-26 12:12:49.791078+00:00,2026-02-26 12:12:49.791078+00:00,4.377671,2026-02-26 12:12:56.887754+00:00,0.0,"{""apy"": 0, ""volume"": 0, ""interval"": 0, ""gross_apy"": 0, ""consistency"": 0}"
